,City,Country,Latitude,Longitude,Date,Cloudiness,Humidity,Max Temperature,Wind Speed
0,busselton,AU,-33.65,115.3333,1619221263,93,75,61.0,4.0
1,punta arenas,PH,8.9897,125.34,1619221771,99,72,83.19,1.54
2,rikitea,PF,-23.1203,-134.9692,1619221615,100,68,78.96,15.99
3,albany,US,42.6001,-73.9662,1619221771,20,33,55.4,18.41
4,kandi,BJ,11.1342,2.9386,1619221772,80,46,85.82,6.13
5,mariental,NA,-24.6333,17.9667,1619221772,0,26,66.76,8.55
6,inhambane,MZ,-23.865,35.3833,1619221616,75,88,67.28,4.74
7,coahuayana,MX,18.7333,-103.6833,1619221616,1,28,86.0,17.27
8,vaini,TO,-21.2,-175.2,1619221616,20,79,84.2,5.75
9,butaritari,KI,3.0707,172.7902,1619221617,82,77,82.13,8.84
10,povenets,RU,62.8487,34.8262,1619221617,100,97,34.79,2.46
11,carnarvon,AU,-24.8667,113.6333,1619221618,0,67,62.6,9.22
12,caravelas,BR,-17.7125,-39.2481,1619221289,26,85,74.3,4.88
13,bethel,US,41.3712,-73.414,1619221618,1,17,62.6,14.97
14,wanning,CN,18.8003,110.3967,1619221619,18,80,80.17,10.27
15,port elizabeth,CD,-7.0349,29.7638,1619221434,18,80,71.46,4.81
16,grand gaube,US,38.8755,-109.5012,1619221421,20,9,72.0,10.36
17,mahebourg,MU,-20.4081,57.7,1619221253,40,78,78.8,9.22
18,atuona,PF,-9.8,-139.0333,1619221349,28,79,80.33,22.35
19,suntar,RU,62.1444,117.6319,1619221427,100,82,34.27,9.53
20,dzerzhinsk,RU,56.2389,43.4631,1619221619,0,62,50.0,4.47
21,savannah bight,US,32.0835,-81.0998,1619221350,20,48,66.2,10.36
22,porto velho,PT,41.1496,-8.611,1619221361,75,88,60.8,9.22
23,jamestown,US,42.097,-79.2353,1619221519,1,43,51.8,12.66
24,daru,PG,-9.0763,143.2092,1619221620,27,68,84.87,6.46
25,mongagua,BR,-24.0931,-46.6208,1619221620,44,26,73.99,5.35
26,lashio,MM,22.9333,97.75,1619221621,2,49,71.42,0.58
27,ushuaia,AR,-54.8,-68.3,1619221592,75,93,41.0,5.75
28,riyadh,SA,24.6877,46.7219,1619221277,0,11,78.8,4.61
29,alice springs,US,27.7523,-98.0697,1619221303,1,66,89.6,21.85
30,yellowknife,CA,62.456,-114.3525,1619221313,75,57,17.01,10.36
31,chokurdakh,RU,70.6333,147.9167,1619221536,52,84,6.1,0.6
32,san patricio,ML,13.3034,-4.8956,1619221268,87,20,96.28,3.74
33,longyearbyen,SJ,78.2186,15.6401,1619221622,75,62,15.8,6.91
34,beloha,MG,-25.1667,45.05,1619221245,14,75,69.58,11.23
35,mar del plata,ES,43.4002,-4.0094,1619221397,0,63,60.8,2.3
36,derzhavinsk,KZ,51.1,66.3167,1619221623,100,49,41.52,12.24
37,salur,IN,18.5333,83.2167,1619221623,44,61,79.83,1.05
38,santa maria,PH,17.486,120.4348,1619221623,9,60,81.39,3.18
39,kitimat,CA,54.0524,-128.6534,1619221624,100,32,62.01,3.0
40,kavieng,PG,-2.5744,150.7967,1619221776,100,80,80.26,4.68
41,morden,CA,49.1919,-98.1014,1619221624,93,25,37.4,1.14
42,spornoye,RU,50.8448,37.2913,1619221625,75,93,41.0,22.37
43,aksu,CN,41.1231,80.2644,1619221595,0,46,48.4,7.43
44,arraial do cabo,BR,-22.8362,-46.646,1619221392,0,60,68.0,5.75
45,berlevag,NO,70.8578,29.0864,1619221777,75,79,33.33,12.97
46,bubaque,GW,11.2833,-15.8333,1619221379,3,71,77.85,17.29
47,lagoa,PT,39.05,-27.9833,1619221625,9,79,57.63,31.88
48,pisco,PE,-13.7,-76.2167,1619221626,0,82,66.2,11.5
49,cape town,CL,-36.413,-71.9028,1619221372,0,82,59.0,2.3
50,abu kamal,IN,24.6,72.7,1619221627,44,49,67.82,2.64
51,georgetown,MY,5.4112,100.3354,1619221492,40,89,78.8,3.44
52,hermanus,ZA,-34.4187,19.2345,1619221205,86,88,55.99,5.95
53,hobart,AU,-42.8794,147.3294,1619221172,40,71,55.0,12.66
54,hami,CN,42.8,93.45,1619221628,67,27,45.1,11.01
55,hithadhoo,MV,-0.6,73.0833,1619221369,22,73,82.11,7.83
56,cairns,AU,-16.9167,145.7667,1619221667,75,78,79.0,11.5
57,bluff,NZ,-46.6,168.3333,1619221259,88,85,53.01,1.99
58,hilo,US,19.7297,-155.09,1619221416,40,54,82.4,12.66
59,nuoro,IT,40.3211,9.3297,1619221629,0,88,55.4,5.75
60,san cristobal,ML,13.3034,-4.8956,1619221375,43,19,95.47,5.3
61,margate,GB,51.3813,1.3862,1619221265,32,80,45.0,1.01
62,wewak,PG,-3.5534,143.6268,1619221629,100,77,81.66,3.04
63,sobolevo,RU,54.4299,31.8996,1619221173,77,83,34.14,5.06
64,harrismith,ZA,-28.2728,29.1295,1619221630,22,94,41.94,1.36
65,paita,PE,-5.0892,-81.1144,1619221337,7,74,71.71,14.74
66,poum,NC,-20.2333,164.0167,1619221588,96,76,79.68,5.44
67,portland,US,45.5234,-122.6762,1619221044,75,36,63.0,5.75
68,torbay,CA,47.6666,-52.7314,1619221630,20,87,37.99,20.71
69,naze,JP,28.3667,129.4833,1619221631,75,88,68.0,20.71
70,port alfred,CD,-7.0349,29.7638,1619221631,18,80,71.46,4.81
71,bandarbeyla,SO,9.4942,50.8122,1619221244,84,74,82.45,5.41
72,thompson,CA,55.7435,-97.8558,1619221632,75,43,26.6,9.22
73,avarua,CK,-21.2078,-159.775,1619221632,75,74,82.4,19.57
74,kaoma,ZM,-14.7833,24.8,1619221633,32,58,64.51,6.13
75,san andres,ML,13.3034,-4.8956,1619221420,87,20,96.28,3.74
76,qaanaaq,GL,77.484,-69.3632,1619221477,99,83,17.8,5.55
77,pustoshka,RU,56.3355,29.369,1619221633,28,97,30.13,6.69
78,hailar,CN,49.2,119.7,1619221634,100,20,40.03,5.5
79,new norfolk,LR,6.6518,-10.5932,1619221385,20,94,78.8,3.33
80,bredasdorp,ZA,-34.5322,20.0403,1619221196,92,93,50.0,4.61
81,lorengau,PG,-2.0226,147.2712,1619221619,94,77,82.11,5.17
82,coihaique,CL,-45.5752,-72.0662,1619221366,75,71,48.2,3.44
83,gazli,UZ,40.1333,63.45,1619221635,99,30,63.45,10.67
84,gizo,SB,-8.103,156.8419,1619221544,91,69,84.38,7.02
85,vardo,NO,70.3705,31.1107,1619221276,40,80,30.2,10.36
86,antalaha,MG,-14.9003,50.2788,1619221606,99,92,72.39,5.88
87,castro,BR,-24.7911,-50.0119,1619221367,12,72,55.49,3.65
88,norman wells,US,35.2226,-97.4395,1619221385,90,94,61.0,11.5
89,avera,US,33.194,-82.5271,1619221588,40,34,68.0,3.44
90,koslan,RU,63.4564,48.8989,1619221636,83,88,42.91,6.73
91,baykit,RU,61.67,96.37,1619221783,84,86,32.58,1.19
92,severo-kurilsk,RU,50.6789,156.125,1619221636,97,88,37.4,7.9
93,guiratinga,BR,-16.3494,-53.7583,1619221637,1,52,69.91,3.8
94,villarrobledo,ES,39.2699,-2.6012,1619221637,100,87,46.99,11.99
95,siniscola,IT,40.5719,9.6922,1619221637,0,93,48.2,5.75
96,ambalavao,MG,-21.8333,46.9333,1619221638,89,85,62.74,4.61
97,vostok,RU,46.4856,135.8833,1619221378,100,97,36.82,4.05
98,shitanjing,CN,39.2342,106.3439,1619221638,100,87,49.41,16.17
99,champerico,GT,14.3,-91.9167,1619221639,75,74,86.0,6.91
100,bilma,NE,18.6853,12.9164,1619221561,34,10,86.36,9.35
101,camargo,MX,27.6667,-105.1667,1619221639,0,4,81.45,25.99
102,spearfish,US,44.4908,-103.8594,1619221639,90,93,28.4,8.05
103,tarabha,IN,20.7333,83.65,1619221640,52,55,76.87,3.13
104,marsa matruh,MT,35.8792,14.4953,1619221640,75,88,59.0,13.8
105,kruisfontein,ZA,-34.0033,24.7314,1619221170,21,92,60.01,1.01
106,sivas,TR,39.7916,37.0019,1619221640,0,45,41.0,4.61
107,okhotsk,RU,59.3833,143.3,1619221262,2,64,23.58,20.6
108,mataura,NZ,-46.1927,168.8643,1619221641,76,85,53.01,1.99
109,chabahar,IR,25.2919,60.643,1619221641,15,76,80.53,5.77
110,ponta do sol,PT,38.7333,-28.2667,1619221380,10,77,53.47,30.6
111,bunia,CD,1.5667,30.25,1619221444,98,96,62.38,2.89
112,maues,BR,-3.3836,-57.7186,1619221642,100,97,74.88,2.13
113,ndele,CF,8.4109,20.6473,1619221642,100,75,73.29,8.05
114,mount gambier,GB,53.6597,-1.8537,1619221247,100,64,46.99,2.39
115,vila do maio,PT,42.0304,-8.1588,1619221425,94,94,55.0,1.01
116,faanui,PF,-16.4833,-151.75,1619221221,87,75,80.2,11.5
117,barrow,US,71.2906,-156.7887,1619221566,1,74,26.6,6.91
118,xining,CN,36.6167,101.7667,1619221579,100,90,42.6,4.05
119,enghien,BE,50.689,4.0336,1619221643,16,70,44.6,6.91
120,lata,PT,40.1629,-8.3327,1619221643,40,94,61.0,4.61
121,cayenne,GF,4.9333,-52.3333,1619221403,75,94,78.01,2.3
122,sokur,RU,55.2093,83.319,1619221644,0,68,32.0,4.47
123,brownwood,US,31.7093,-98.9912,1619221644,1,69,77.0,6.91
124,kodiak,US,57.79,-152.4072,1619221484,90,81,41.0,4.61
125,kapaa,US,22.0752,-159.319,1619221612,75,61,80.6,14.97
126,flin flon,FR,48.4982,6.6557,1619221645,0,53,44.6,3.44
127,kamina,CD,-8.7386,24.9906,1619221645,54,92,64.31,0.69
128,talpa,MX,28.8257,-111.6257,1619221645,0,31,82.0,7.0
129,hambantota,LK,6.1241,81.1185,1619221320,47,84,78.39,5.82
130,dikson,RU,73.5069,80.5464,1619221608,100,97,32.2,16.37
131,acari,PE,-15.4311,-74.6158,1619221646,32,82,69.64,4.03
132,puerto ayora,ES,36.5939,-6.233,1619221396,0,72,63.0,24.16
133,honiara,SB,-9.4333,159.95,1619221788,67,70,85.3,3.56
134,victoria,HK,22.2855,114.1577,1619221157,29,87,78.01,1.99
135,merauke,ID,-8.4667,140.3333,1619221647,54,79,82.35,5.19
136,isangel,VU,-19.55,169.2667,1619221185,75,74,86.0,11.34
137,geraldton,AU,-28.7667,114.6,1619221611,90,72,62.6,8.05
138,souillac,MU,-20.5167,57.5167,1619221647,40,78,78.8,9.22
139,lleida,ES,41.6167,0.6167,1619221648,0,81,51.01,10.36
140,beringovskiy,RU,63.05,179.3167,1619221648,99,86,28.45,5.01
141,tuktoyaktuk,CA,69.4541,-133.0374,1619221510,75,67,17.6,11.5
142,atambua,ID,-9.1061,124.8925,1619221643,16,68,77.81,2.64
143,petropavlovsk-kamchatskiy,RU,53.0452,158.6483,1619221271,68,70,42.8,2.24
144,bargteheide,DE,53.7333,10.2667,1619221649,85,89,39.99,7.02
145,hualmay,PE,-11.0964,-77.6139,1619221528,25,88,66.97,9.17
146,fairbanks,US,64.8378,-147.7164,1619221537,1,26,57.2,9.22
147,tabas,IR,33.5959,56.9244,1619221259,45,20,78.06,0.94
148,kaitangata,NZ,-46.2817,169.8464,1619221598,48,73,55.99,1.99
149,zlobin,HR,45.2924,14.6541,1619221649,0,33,57.2,6.91
150,sitka,US,57.0531,-135.33,1619221650,20,20,60.8,9.22
151,porto santo,PT,41.1496,-8.611,1619221613,75,88,60.8,9.22
152,upernavik,GL,72.7868,-56.1549,1619221505,100,85,28.24,3.49
153,ribeira grande,ES,42.7461,-8.4439,1619221390,75,94,55.99,3.44
154,tura,IN,25.5198,90.2201,1619221215,45,37,72.0,4.79
155,hurghada,EG,27.2574,33.8129,1619221650,0,27,75.2,17.27
156,balkhash,KZ,46.844,74.9804,1619221651,33,41,36.82,14.27
157,iqaluit,CA,63.7506,-68.5145,1619221620,90,93,28.4,2.3
158,orlik,RU,52.5178,99.825,1619221651,100,91,24.49,2.8
159,mys shmidta,RU,62.0589,48.6201,1619221383,79,89,40.82,5.26
160,tiksi,RU,71.6872,128.8694,1619221263,99,87,12.63,9.1
161,zhangjiakou,CN,40.81,114.8794,1619221649,1,69,55.45,3.87
162,fonte boa,IT,45.7839,11.8746,1619221248,0,93,55.0,4.21
163,roma,US,43.2128,-75.4557,1619221442,1,33,57.2,20.71
164,matagami,CA,49.7502,-77.6328,1619221652,1,29,59.0,10.36
165,longhua,CN,23.6137,114.1919,1619221652,41,77,78.91,2.98
166,khatanga,RU,71.9667,102.5,1619221653,100,98,32.77,20.02
167,cabanas,CU,22.9758,-82.9219,1619221653,40,65,82.4,11.5
168,montreux,CH,46.433,6.9114,1619221653,2,81,48.0,4.27
169,lebu,CL,-37.6167,-73.65,1619221207,37,92,53.01,6.2
170,saint-philippe,RE,-21.3585,55.7679,1619221584,40,83,77.0,17.27
171,aklavik,CA,68.2191,-135.0107,1619221482,75,45,39.2,3.44
172,vila velha,PT,42.0304,-8.1588,1619221654,94,94,55.0,1.01
173,tasiilaq,GL,65.6145,-37.6368,1619221654,75,52,37.4,16.11
174,clarence town,US,42.9767,-78.592,1619221655,40,61,50.0,19.57
175,talnakh,RU,69.4865,88.3972,1619221793,100,97,31.57,9.8
176,leningradskiy,RU,69.3833,178.4167,1619221570,99,85,29.17,4.45
177,bilibino,RU,68.0546,166.4372,1619221252,97,80,23.58,3.44
178,banka,IN,24.8833,86.9167,1619221655,19,21,81.37,5.01
179,bartica,GY,6.4,-58.6167,1619221656,75,94,77.0,4.61
180,harper,LR,4.375,-7.7169,1619221217,95,82,81.18,9.37
181,airai,TL,-8.9266,125.4092,1619221491,12,64,67.96,3.11
182,kisangani,CD,0.5167,25.2,1619221431,95,99,69.4,2.06
183,baruun-urt,MN,46.6806,113.2792,1619221582,57,26,39.4,15.41
184,lavrentiya,RU,65.5833,-171.0,1619221794,28,81,33.24,3.04
185,progreso,MX,21.2833,-89.6667,1619221656,40,31,95.0,17.27
186,port moresby,CD,-7.0349,29.7638,1619221657,18,80,71.46,4.81
187,lieksa,FI,63.3167,30.0167,1619221657,60,97,28.22,4.21
188,tambun,ID,-6.2641,107.0712,1619221657,9,94,79.0,3.44
189,deputatskiy,RU,69.3,139.9,1619221658,23,82,9.82,2.37
190,karratha,AU,-20.7377,116.8463,1619221104,0,24,78.51,15.14
191,nikolskoye,RU,59.7035,30.7861,1619221564,40,93,37.99,4.47
192,fare,PF,-16.7,-151.0167,1619221311,79,72,80.37,10.63
193,puri,IN,19.8,85.85,1619221658,40,94,78.8,7.47
194,lucapa,AO,-8.4192,20.7447,1619221659,91,93,66.27,2.19
195,abu samrah,IN,24.6,72.7,1619221659,43,51,67.66,2.77
196,mandalgovi,MN,45.7625,106.2708,1619221659,100,43,41.36,28.72
197,ketchikan,US,55.3422,-131.6461,1619221271,1,30,57.2,9.22
198,alofi,NU,-19.0595,-169.9187,1619221660,13,79,84.2,11.5
199,belyy yar,RU,55.8402,32.9419,1619221278,78,89,33.71,3.89
200,blairmore,CA,49.6,-114.4353,1619221660,100,70,37.4,11.5
201,koroni,GR,36.8,21.95,1619221661,100,51,63.0,8.05
202,narsaq,GL,60.9167,-46.05,1619221308,1,60,41.0,5.75
203,sarangani,PH,5.4033,125.4636,1619221661,79,74,83.79,14.12
204,kulu,TR,39.0951,33.0799,1619221661,18,55,51.67,9.06
205,muyezerskiy,RU,63.9333,31.65,1619221662,99,95,34.74,4.38
206,mumford,GH,5.2618,-0.759,1619221662,99,85,82.6,10.89
207,cidreira,BR,-30.1811,-50.2056,1619221548,2,79,70.77,17.98
208,nuuk,GL,64.1835,-51.7216,1619221662,90,100,30.2,12.66
209,tautira,PF,-17.7333,-149.15,1619221663,75,66,86.0,11.5
210,faya,SA,18.3851,42.4509,1619221363,20,34,66.2,4.61
211,yokadouma,CM,3.5167,15.05,1619221336,100,98,67.93,1.66
212,itoman,JP,26.1247,127.6694,1619221305,75,83,68.0,19.57
213,esperance,AU,-33.8667,121.9,1619221663,100,88,55.4,9.22
214,port arthur,CD,-7.0349,29.7638,1619221631,18,80,71.46,4.81
215,namatanai,PG,-3.6667,152.4333,1619221370,99,74,81.63,3.0
216,aldan,RU,58.6031,125.3894,1619221664,100,88,24.37,14.52
217,zatoka,UA,46.0725,30.4654,1619221664,0,100,39.2,8.95
218,zhanaozen,KZ,43.3,52.8,1619221665,2,72,51.21,5.77
219,bambous virieux,MU,-20.2567,57.4061,1619221380,40,78,78.8,9.22
220,nynashamn,SE,58.9034,17.9479,1619221665,46,58,37.99,4.0
221,alta floresta,NO,69.9689,23.2717,1619221432,90,55,33.8,12.66
222,fortuna,US,40.5982,-124.1573,1619221798,1,82,57.99,18.41
223,east london,IS,65.0,-15.0,1619221407,0,100,32.0,5.75
224,nehe,CN,48.4833,124.8333,1619221666,82,22,43.57,10.56
225,yulara,AU,-25.2406,130.9889,1619221666,3,51,59.0,9.22
226,saskylakh,RU,71.9167,114.0833,1619221666,100,96,33.84,20.92
227,rio claro,GR,38.3,21.7833,1619221666,75,77,60.8,13.78
228,chestermere,CA,51.0334,-113.8187,1619221667,90,51,39.0,8.05
229,paysandu,UY,-32.3214,-58.0756,1619221667,93,80,71.01,7.05
230,saldanha,ZA,-33.0117,17.9442,1619221667,74,76,55.4,3.44
231,cherskiy,RU,68.75,161.3,1619221668,100,92,24.44,3.98
232,dabakala,CI,8.3667,-4.4333,1619221668,77,78,78.06,6.24
233,chuy,UY,-33.6971,-53.4616,1619221557,13,84,66.54,12.66
234,hasaki,JP,35.7333,140.8333,1619221223,20,67,59.0,6.91
235,savasleyka,RU,55.4606,42.3207,1619221669,15,87,44.22,7.67
236,lompoc,US,34.6391,-120.4579,1619221582,0,63,59.0,13.8
237,praia,CV,14.9215,-23.5087,1619221400,20,73,69.8,16.11
238,warri,NG,5.5167,5.75,1619221669,78,91,78.22,1.61
239,nishihara,JP,26.1842,127.7558,1619221646,75,88,68.0,14.97
240,husavik,IS,66.0449,-17.3389,1619221622,0,81,42.8,1.14
241,chekhov,RU,55.1431,37.4711,1619221670,99,94,39.99,3.15
242,sao joao da barra,IN,20.5113,76.2129,1619221424,85,28,77.85,6.15
243,harrisburg,US,40.2737,-76.8844,1619221370,1,27,62.6,13.8
244,nicoya,CR,10.1483,-85.452,1619221469,20,45,87.8,12.66
245,rorvik,NO,64.8621,11.2373,1619221670,95,65,37.76,23.2
246,luderitz,NA,-26.6481,15.1594,1619221801,25,76,63.36,6.26
247,melfi,IT,40.9965,15.6514,1619221671,90,87,48.0,14.97
248,saint-augustin,CA,51.226,-58.6502,1619221650,100,97,32.38,14.23
249,dawlatabad,AF,36.4141,64.9053,1619221671,11,27,60.03,5.06
250,atar,MR,20.5169,-13.0499,1619221672,0,13,79.68,5.53
251,inuvik,CA,68.3499,-133.7218,1619221672,75,48,35.6,5.75
252,chokwe,MZ,-24.5333,32.9833,1619221672,62,96,63.82,2.37
253,chara,RU,56.9064,118.2631,1619221672,18,73,28.53,3.78
254,biak,ID,-0.9131,122.8766,1619221673,95,74,79.7,3.47
255,constitucion,CL,-35.3333,-72.4167,1619221662,0,79,55.56,10.4
256,amahai,ID,-3.3333,128.9167,1619221673,41,85,88.0,4.12
257,teguldet,RU,57.3064,88.1667,1619221674,74,90,30.76,5.06
258,waipawa,NZ,-41.4122,175.5153,1619221215,9,55,66.2,9.22
259,bur gabo,DK,56.365,8.4267,1619221674,41,81,37.99,13.49
260,port hardy,CD,-7.0349,29.7638,1619221325,18,80,71.46,4.81
261,sao filipe,IN,20.5113,76.2129,1619221223,85,28,77.85,6.15
262,neuquen,AR,-38.9516,-68.0591,1619221537,0,77,59.0,4.34
263,shimoda,JP,34.6667,138.95,1619221675,75,63,60.8,13.8
264,nambucca heads,AU,-30.6333,152.9833,1619221675,17,52,69.8,2.3
265,antibes,FR,43.5624,7.1278,1619221675,20,58,59.0,9.22
266,moissala,TD,8.3404,17.7663,1619221675,100,73,75.36,8.05
267,college,US,64.8569,-147.8028,1619221676,20,28,57.2,9.22
268,lewiston,US,44.1003,-70.2148,1619221676,1,30,53.6,10.36
269,ust-ishim,RU,57.6935,71.1665,1619221677,100,62,36.77,6.8
270,zelenoborskiy,RU,66.845,32.3622,1619221251,100,100,28.99,10.02
271,anaconda,US,46.1285,-112.9423,1619221677,1,53,44.6,8.14
272,milkovo,RU,54.7167,158.6167,1619221677,92,64,43.45,2.8
273,bukan,IR,36.521,46.2089,1619221678,80,32,52.11,2.64
274,bolobo,CD,-2.1667,16.2333,1619221678,100,96,70.75,8.97
275,comodoro rivadavia,BR,-13.6631,-59.7858,1619221288,89,81,72.01,4.92
276,sabang,ID,5.8933,95.3214,1619221586,100,72,82.87,17.02
277,zhigansk,RU,66.7697,123.3711,1619221679,70,80,17.89,4.25
278,grand river south east,US,38.8755,-109.5012,1619221303,20,9,72.0,10.36
279,olafsvik,IS,64.8945,-23.7142,1619221408,100,90,43.7,12.33
280,hukuntsi,BW,-24.0,21.75,1619221680,0,32,62.74,6.89
281,muros,ES,42.7762,-9.0603,1619221348,58,93,60.01,6.13
282,vao,NC,-22.6667,167.4833,1619221367,79,75,75.63,13.71
283,prado,BR,-17.3411,-39.2208,1619221680,4,83,75.99,8.3
284,manokwari,ID,-0.8667,134.0833,1619221647,100,74,81.52,2.17
285,komsomolskiy,UZ,40.4272,71.7189,1619221510,41,54,51.8,6.91
286,richmond,US,37.5538,-77.4603,1619221577,90,25,60.8,14.97
287,eureka,US,40.8021,-124.1637,1619221681,100,72,55.99,7.0
288,bouake,CI,7.6895,-5.0218,1619221681,88,69,82.4,6.91
289,oksfjord,NO,70.2396,22.3479,1619221681,90,55,33.8,12.66
290,bathsheba,BB,13.2167,-59.5167,1619221669,20,61,80.6,17.27
291,mandan,US,46.8267,-100.8896,1619221682,90,48,41.0,10.36
292,ushtobe,KZ,45.2514,77.9838,1619221395,0,39,32.68,13.58
293,ilulissat,GL,69.2167,-51.1,1619221578,100,69,33.8,6.91
294,cabo san lucas,BR,-8.2833,-35.0333,1619221378,40,69,80.6,8.05
295,borogontsy,RU,62.6683,131.1683,1619221641,98,86,24.66,5.06
296,belmonte,BR,-15.8631,-38.8828,1619221251,0,69,78.8,6.91
297,nalut,LY,30.3333,10.85,1619221400,61,55,60.4,17.31
298,freeport,US,40.6576,-73.5832,1619221453,1,20,62.6,14.97
299,samarai,PG,-10.6167,150.6667,1619221683,94,73,84.54,10.76
300,totma,RU,59.9747,42.7642,1619221683,96,83,45.34,8.77
301,pacific grove,US,38.482,-90.7415,1619221114,90,55,61.0,8.05
302,yerbogachen,RU,61.2767,108.0108,1619221808,70,73,34.09,8.14
303,asau,RO,46.4333,26.4,1619221652,48,69,36.0,2.35
304,arman,RU,59.7,150.1667,1619221221,83,71,31.01,5.88
305,bonthe,SL,7.5264,-12.505,1619221684,100,84,79.88,6.64
306,north bend,FR,50.3333,3.6667,1619221684,8,70,45.0,6.91
307,uige,AO,-7.6087,15.0613,1619221685,100,95,67.98,1.45
308,paamiut,GL,61.994,-49.6678,1619221389,1,77,31.98,2.42
309,ozernovskiy,RU,51.5,156.5167,1619221685,100,97,34.34,6.42
310,saint-denis,FR,48.9167,2.3333,1619221686,0,46,53.01,9.22
311,namibe,AO,-15.1961,12.1522,1619221686,1,76,77.92,1.74
312,okakarara,NA,-20.5833,17.4333,1619221686,7,37,57.81,3.87
313,guerrero negro,MX,17.6667,-100.0,1619221373,95,28,84.04,2.55
314,urozhaynoye,RU,44.7883,44.9228,1619221687,76,66,52.07,5.86
315,kaabong,UG,3.4836,34.1492,1619221687,81,86,64.44,6.73
316,tazovskiy,RU,67.4667,78.7,1619221681,100,99,33.55,12.82
317,birjand,IR,32.8663,59.2211,1619221281,0,19,53.6,6.91
318,nanortalik,GL,60.1432,-45.2371,1619221688,14,87,36.1,3.29
319,corinto,GR,37.9407,22.9573,1619221688,100,66,57.99,3.0
320,holly hill,US,42.792,-83.6277,1619221688,75,27,60.8,12.66
321,yagodnoye,RU,62.55,149.6667,1619221689,100,78,15.78,7.56
322,lakatoro,VU,-16.0999,167.4164,1619221689,64,67,85.73,10.8
323,rocha,UY,-34.4833,-54.3333,1619221689,17,94,62.91,10.18
324,montague,US,42.5356,-72.5351,1619221509,1,24,55.4,11.5
325,sur,OM,22.5667,59.5289,1619221690,0,36,84.6,5.68
326,vicuna,CL,-30.0319,-70.7081,1619221541,0,77,59.0,6.91
327,barbosa ferraz,CO,5.9317,-73.6151,1619221690,54,97,63.36,0.94
328,kenai,US,60.5544,-151.2583,1619221690,1,35,55.4,9.22
329,clyde river,US,41.3042,-82.9752,1619221376,1,35,57.2,8.05
330,klyuchevskiy,RU,53.5317,119.4519,1619221691,0,33,37.98,5.91
331,kampot,KH,10.6167,104.1833,1619221691,40,94,77.0,2.3
332,barcelos,PT,41.5388,-8.6151,1619221286,75,94,59.0,10.36
333,nantucket,US,41.2835,-70.0995,1619221692,1,71,46.4,25.32
334,ust-tsilma,RU,65.441,52.1498,1619221401,79,91,37.65,4.34
335,juba,SS,4.8517,31.5825,1619221692,90,86,71.22,3.91
336,saint-georges,GD,12.0564,-61.7485,1619221267,16,79,78.64,16.24
337,male,MV,4.1748,73.5089,1619221693,75,79,84.2,11.5
338,sadova,RO,43.9,23.95,1619221693,0,75,46.99,6.91
339,french harbor,US,46.288,-96.2017,1619221693,90,70,37.4,13.8
340,meadow lake,US,45.5291,-102.2163,1619221693,100,93,37.4,17.27
341,port lincoln,CD,-7.0349,29.7638,1619221434,18,80,71.46,4.81
342,cuamba,MZ,-14.8031,36.5372,1619221694,59,90,64.29,2.55
343,kirakira,SB,-10.4544,161.9205,1619221694,71,71,84.52,5.28
344,visnes,NO,59.3556,5.2242,1619221694,40,70,42.8,18.41
345,ancud,CL,-41.8697,-73.8203,1619221695,20,93,52.0,3.44
346,banepa,NP,27.6298,85.5214,1619221695,20,72,57.2,2.3
347,bengkulu,ID,-3.8004,102.2655,1619221695,96,88,74.16,3.6
348,dombarovskiy,RU,50.7587,59.5386,1619221696,100,54,46.6,21.18
349,yar-sale,RU,66.8333,70.8333,1619221244,100,98,33.15,10.16
350,corrales,US,35.2378,-106.6067,1619221696,97,21,66.0,15.01
351,mazamari,PE,-11.3258,-74.5308,1619221697,65,91,72.93,0.63
352,kahului,US,20.8947,-156.47,1619221697,20,48,84.2,25.32
353,whitehorse,CA,60.7161,-135.0538,1619221262,1,25,48.2,6.91
354,san jose,ML,13.3034,-4.8956,1619221270,87,20,96.28,3.74
355,san policarpo,ML,13.3034,-4.8956,1619221420,87,20,96.28,3.74
356,batagay,RU,67.6333,134.6333,1619221410,81,86,13.5,1.97
357,sackville,CA,45.9188,-64.3846,1619221698,100,56,42.8,11.5
358,lakes entrance,US,61.6071,-149.3086,1619221698,1,20,60.8,2.62
359,vila franca do campo,PT,42.0304,-8.1588,1619221425,94,94,55.0,1.01
360,yumen,CN,40.2833,97.2,1619221411,40,76,39.83,1.36
361,jesus carranza,PY,-27.05,-55.7833,1619221699,0,65,77.0,3.44
362,utica,US,43.1009,-75.2327,1619221699,1,33,57.2,20.71
363,broome,US,42.2506,-75.833,1619221699,1,28,55.4,11.5
364,ambilobe,MG,-13.2,49.05,1619221700,89,86,71.02,2.86
365,nioro,GM,13.35,-15.75,1619221273,11,40,79.18,6.02
366,calbuco,CL,-41.768,-73.1273,1619221700,75,87,53.6,4.61
367,guadalupe y calvo,MX,25.6833,-100.25,1619221700,75,31,93.2,11.5
368,vestmannaeyjar,IS,63.4427,-20.2734,1619221701,100,88,46.47,19.71
369,linhares,BR,-19.3911,-40.0722,1619221564,35,91,69.93,3.36
370,lebedinyy,RU,58.5167,125.5167,1619221317,100,92,22.41,18.16
371,pundaguitan,PH,6.3711,126.1689,1619221701,86,72,83.05,9.13
372,beira,MZ,-19.8436,34.8389,1619221702,0,94,69.8,2.59
373,huarmey,PE,-10.0681,-78.1522,1619221532,8,86,67.87,8.39
374,boyolangu,ID,-8.1181,111.8935,1619221702,4,80,76.42,0.72
375,mount isa,GB,53.6597,-1.8537,1619221702,100,65,46.99,2.51
376,tenabo,MX,20.05,-90.2333,1619221703,20,32,96.8,10.36
377,malkara,TR,40.89,26.9011,1619221703,100,84,52.48,3.78
378,digha,IN,21.6833,87.55,1619221703,43,71,79.57,11.1
379,hereford,GB,52.0568,-2.7148,1619221421,89,60,48.0,1.01
380,campamento,HN,14.55,-86.65,1619221704,66,52,77.94,5.53
381,ipswich,GB,52.0592,1.1555,1619221704,70,70,42.01,6.91
382,chapais,CA,49.7834,-74.8492,1619221666,1,32,50.0,13.8
383,dehui,CN,44.5333,125.7,1619221704,20,93,44.6,4.47
384,reconquista,AR,-29.15,-59.65,1619221705,96,93,65.82,5.88
385,sosva,RU,59.1766,61.8558,1619221705,95,95,35.31,3.36
386,senanga,ZM,-16.1167,23.2667,1619221704,51,47,66.58,4.29
387,ardakan,IR,32.31,54.0175,1619221698,40,18,78.8,4.61
388,cocorit,MX,27.5833,-109.9667,1619221706,1,29,78.8,13.8
389,porto walter,PT,41.1496,-8.611,1619221706,75,88,60.8,9.22
390,abha,SA,18.2164,42.5053,1619221704,20,34,66.2,4.61
391,fomboni,KM,-12.28,43.7425,1619221707,83,75,81.16,8.86
392,kargasok,RU,59.0556,80.8572,1619221707,11,90,27.68,4.32
393,yurimaguas,PE,-5.9,-76.0833,1619221707,73,95,74.97,1.95
394,dayong,CN,25.0209,118.2898,1619221708,13,68,73.4,11.18
395,conakry,GN,9.538,-13.6773,1619221708,40,83,80.6,4.61
396,mocuba,MZ,-16.8392,36.9856,1619221708,2,97,65.12,1.72
397,shiyan,CN,32.6475,110.7781,1619221709,100,92,54.54,10.0
398,meulaboh,ID,4.1363,96.1285,1619221671,100,85,76.96,3.51
399,rengo,CL,-34.4167,-70.8667,1619221709,90,67,59.0,2.3
400,mangrol,IN,21.1167,70.1167,1619221240,96,81,79.61,9.64
401,laguna,US,38.421,-121.4238,1619221166,1,38,75.99,10.36
402,abu dhabi,IN,24.6,72.7,1619221292,43,51,67.66,2.77
403,gaya,IN,24.7833,85.0,1619221710,7,46,69.8,3.44
404,salekhard,RU,66.53,66.6019,1619221448,57,96,28.81,7.72
405,ilam,NP,26.9167,87.9167,1619221710,16,35,64.53,7.2
406,kaeo,NZ,-35.1,173.7833,1619221711,8,70,70.0,7.0
407,port hedland,CD,-7.0349,29.7638,1619221631,18,80,71.46,4.81
408,pevek,RU,69.7008,170.3133,1619221487,44,86,16.86,0.43
409,mizdah,LY,31.4451,12.9801,1619221711,71,73,57.63,7.74
410,iringa,TZ,-7.7667,35.7,1619221712,12,84,58.87,7.23
411,taoudenni,ML,22.6783,-3.9836,1619221601,0,6,88.2,9.15
412,cooma,AU,-36.2333,149.1333,1619221712,6,81,42.8,8.05
413,oranjemund,NA,-28.55,16.4333,1619221322,63,88,60.8,3.22
414,sulangan,PH,11.1373,123.7228,1619221712,100,75,82.22,8.21
415,warren,US,39.4334,-84.1666,1619221713,40,50,55.4,6.91
416,hartford,US,41.7668,-72.7662,1619221450,1,20,60.8,13.8
417,shagonar,RU,51.5333,92.8,1619221713,96,72,33.67,0.38
418,san fernando,ML,13.3034,-4.8956,1619221599,87,20,96.28,3.74
419,mabaruma,GY,8.2,-59.7833,1619221310,97,94,73.44,3.44
420,tarakan,ID,3.3,117.6333,1619221714,40,94,77.0,5.75
421,aguimes,ES,27.9054,-15.4461,1619221714,75,68,69.8,12.66
422,tomter,NO,59.65,11.0,1619221714,8,54,36.0,3.0
423,south venice,IS,64.0,-19.0,1619221715,100,99,35.01,8.99
424,borskoye,RU,53.0333,51.7167,1619221715,100,95,45.0,6.31
425,belaya gora,UA,49.029,25.7706,1619221715,63,84,36.79,11.23
426,preobrazheniye,RU,42.9019,133.9064,1619221716,100,63,55.4,3.76
427,ballina,AU,-28.8667,153.5667,1619221512,2,63,66.2,6.91
428,riviere-au-renard,CA,48.9957,-64.3971,1619221336,90,81,37.4,10.36
429,kupang,ID,-10.1667,123.5833,1619221605,7,78,80.2,6.53
430,nisia floresta,GR,39.3942,21.6373,1619221717,100,95,50.0,3.53
431,iquitos,PE,-3.7481,-73.2472,1619221718,40,83,78.8,4.61
432,belvedere marittimo,US,33.531,-81.9448,1619221718,76,42,68.0,4.16
433,outram,MY,1.2829,103.8379,1619221718,40,94,77.0,8.05
434,half moon bay,LR,6.3807,-10.6953,1619221328,20,94,78.8,5.68
435,crab hill,US,37.2651,-76.4911,1619221719,1,38,60.8,12.66
436,kloulklubed,PW,7.0419,134.2556,1619221414,75,79,84.2,8.05
437,west bay,US,31.8024,-97.0917,1619221719,90,100,71.6,6.91
438,evensk,RU,61.95,159.2333,1619221550,100,98,31.96,13.51
439,neryungri,RU,56.6709,124.6491,1619221720,99,91,25.21,8.5
440,patuli,IN,23.55,88.25,1619221720,20,34,79.07,8.21
441,pangoa,PE,-12.1167,-73.0,1619221720,28,98,69.22,1.81
442,port-cartier,CA,50.0334,-66.8654,1619221446,90,100,35.01,4.61
443,lumeje,AO,-11.55,20.7833,1619221721,88,69,65.39,4.07
444,soyo,AO,-6.1349,12.3689,1619221721,94,88,78.13,1.23
445,pervomayskoye,RU,43.919,46.7102,1619221722,28,74,49.89,7.54
446,cap malheureux,FR,49.2718,-1.2104,1619221722,0,62,52.0,18.41
447,salalah,OM,17.0151,54.0924,1619221531,40,74,82.4,3.44
448,hamilton,US,39.1834,-84.5333,1619221596,75,47,57.2,4.61
449,palana,RU,59.1167,159.9667,1619221325,100,98,29.64,11.48
450,krusevac,RS,43.58,21.3339,1619221723,0,70,41.0,5.75
451,roura,GF,4.7263,-52.3274,1619221724,75,94,79.0,2.3
452,touros,BR,-5.1989,-35.4608,1619221724,40,83,80.6,3.44
453,anshun,CN,26.25,105.9333,1619221725,93,87,66.52,4.38
454,aswan,EG,24.0934,32.907,1619221477,0,8,81.86,13.82
455,mahibadhoo,MV,3.7833,72.9667,1619221726,41,67,83.75,11.68
456,pontianak,ID,-0.0333,109.3333,1619221726,40,94,75.2,3.44
457,port-gentil,GA,-0.7193,8.7815,1619221726,76,82,80.85,7.0
458,salinas,US,36.6777,-121.6555,1619221727,75,55,60.8,13.8
459,alihe,CN,50.5667,123.7167,1619221727,16,23,42.67,8.39
460,changde,CN,29.0464,111.6783,1619221435,100,93,58.91,18.07
461,safaga,EG,26.7292,33.9365,1619221728,0,27,75.2,17.27
462,beyneu,KZ,45.3167,55.2,1619221728,9,84,49.37,11.88
463,pangody,RU,65.85,74.4859,1619221654,100,99,34.07,9.98
464,tulagi,SB,-9.0996,160.1476,1619221729,60,73,82.17,4.81
465,ponta delgada,PT,38.7333,-28.2667,1619221729,22,77,53.33,30.24
466,vila,PT,42.0304,-8.1588,1619221249,94,94,55.0,5.17
467,tahoua,NE,14.8888,5.2692,1619221730,0,15,87.8,9.64
468,saint-pierre,RE,-21.3393,55.4781,1619221402,40,83,77.0,17.27
469,halifax,CA,44.6453,-63.5724,1619221730,86,53,46.4,9.22
470,codrington,AU,-38.2667,141.9667,1619221720,99,76,58.96,11.88
471,cerrito,CO,6.8432,-72.694,1619221731,75,83,73.4,6.91
472,innisfail,AU,-17.5333,146.0333,1619221508,99,96,69.01,5.01
473,sakakah,SA,29.9697,40.2064,1619221731,0,13,77.0,9.22
474,scornicesti,RO,44.5667,24.55,1619221732,0,75,46.99,6.91
475,bonavista,CA,48.6499,-53.1147,1619221732,86,52,39.2,11.5
476,rawson,AR,-43.3002,-65.1023,1619221398,9,69,55.45,12.8
477,haines junction,US,59.2286,-135.4441,1619221332,1,23,60.8,6.91
478,coromandel,BR,-18.4733,-47.2003,1619221733,0,44,63.61,3.2
479,zhuji,CN,29.7188,120.2423,1619221733,40,83,68.0,6.71
480,warmbad,NA,-28.45,18.7333,1619221733,4,23,72.66,11.72
481,sao borja,IN,20.5113,76.2129,1619221730,89,28,78.03,6.17
482,richards bay,US,46.8361,-95.9123,1619221247,90,69,36.0,18.41
483,dourbali,TD,11.8091,15.8632,1619221734,43,15,87.04,2.55
484,barkhan,PK,29.8977,69.5256,1619221735,0,36,65.23,2.26
485,cockburn town,AU,-32.0833,141.0,1619221297,77,58,57.2,5.75
486,hay river,GB,52.0705,-3.1274,1619221735,90,59,48.0,1.01
487,tongeren,BE,50.7805,5.4648,1619221736,0,65,45.0,9.22
488,ostrovnoy,RU,68.0531,39.5131,1619221736,100,96,32.34,22.68
489,hoopstad,ZA,-27.8327,25.9083,1619221736,14,33,57.72,5.14
490,kapan,AM,39.2075,46.4058,1619221737,44,85,52.74,1.59
491,ballitoville,ZA,-29.539,31.2144,1619221737,0,72,66.99,10.36
492,carballo,ES,43.213,-8.691,1619221738,66,86,59.0,5.01
493,charters towers,US,38.5736,-83.4333,1619221738,90,41,57.2,3.71
494,teeli,RU,51.0333,90.2333,1619221739,100,94,29.53,4.59
495,bafoulabe,ML,13.8065,-10.8321,1619221739,33,12,95.27,4.61
496,keti bandar,AM,40.8737,43.8448,1619221740,47,75,41.0,3.44
497,hobyo,SO,5.3505,48.5268,1619221740,80,74,82.8,9.75
498,port macquarie,CD,-7.0349,29.7638,1619221657,18,80,71.46,4.81
499,ajdabiya,LY,30.7554,20.2263,1619221741,61,16,77.32,19.51
500,ahipara,NZ,-35.1667,173.1667,1619221507,36,62,66.51,9.51
501,bulawayo,ZW,-20.15,28.5833,1619221741,24,50,57.2,7.2
502,kjollefjord,NO,70.9457,27.3465,1619221741,87,70,32.5,17.72
503,changping,CN,40.2186,116.2197,1619221742,0,63,66.99,6.71
504,phalodi,IN,27.1333,72.3667,1619221743,0,42,73.62,10.16
505,tucurui,BR,-3.7661,-49.6725,1619221743,56,93,75.25,1.81
506,necochea,AR,-38.5473,-58.7368,1619221664,100,96,60.01,4.52
507,ashland,US,40.8167,-82.2665,1619221637,1,30,57.2,11.5
508,camacha,PT,33.0833,-16.3333,1619221734,40,77,62.6,14.97
509,ixtapa,MX,20.7,-105.2,1619221737,20,65,82.4,14.97
510,homer,US,59.6425,-151.5483,1619221592,75,76,46.99,4.61
511,winnemucca,US,40.973,-117.7357,1619221744,1,9,69.8,5.75
512,saint-joseph,RE,-21.3667,55.6167,1619221283,40,83,77.0,17.27
513,hofn,IS,64.2539,-15.2082,1619221692,99,77,44.13,3.94
514,san miguel,ML,13.3034,-4.8956,1619221745,43,19,95.47,5.3
515,odweyne,SO,9.4092,45.064,1619221525,22,64,68.88,2.21
516,tsiroanomandidy,MG,-18.7667,46.0333,1619221643,51,89,62.87,2.8
517,prince rupert,CA,52.9669,-108.3847,1619221238,75,25,37.4,10.36
518,ayan,RU,56.45,138.1667,1619221746,93,67,31.86,5.35
519,zavallya,UA,48.2135,30.0156,1619221746,22,83,38.21,8.19
520,kincardine,GB,56.0667,-3.7167,1619221509,90,87,46.4,11.5
521,kobrinskoye,RU,59.4225,30.1239,1619221746,40,93,32.0,4.47
522,kota belud,IN,25.1833,75.8333,1619221747,37,37,79.21,8.93
523,urukh,RU,43.2933,44.0265,1619221747,65,66,51.8,6.71
524,buin,CL,-33.7333,-70.75,1619221748,90,72,64.0,5.75
525,carutapera,BR,-1.195,-46.02,1619221282,85,93,75.81,5.66
526,norton shores,ZW,-17.8833,30.7,1619221691,33,85,57.99,3.0
527,yaring,TH,6.8662,101.3689,1619221748,96,79,79.75,9.53
528,cajaruro,PE,-5.7364,-78.4256,1619221748,47,78,76.89,3.56
529,oktyabrskoye,RU,43.0645,44.7417,1619221749,37,93,46.4,6.71
530,thinadhoo,MV,0.5333,72.9333,1619221296,10,68,82.29,8.57
531,champawat,IN,29.3333,80.1,1619221749,18,82,47.91,7.34
532,vanderhoof,CA,54.0166,-124.0198,1619221750,60,30,50.86,6.4
533,miquelon,PM,47.0975,-56.3814,1619221750,40,80,37.63,29.51
534,kalush,UA,49.0119,24.3731,1619221751,52,83,34.77,7.47
535,narasannapeta,IN,18.4167,84.05,1619221562,58,83,78.49,4.29
536,lokosovo,RU,61.1333,74.8167,1619221751,65,87,34.92,8.05
537,liyang,CN,29.7057,118.2862,1619221752,98,79,68.14,4.79
538,pauini,BR,-7.7136,-66.9764,1619221752,100,94,75.29,2.91
539,tomatlan,MX,19.9333,-105.25,1619221752,47,32,87.85,11.12
540,pushkino,RU,56.0172,37.8667,1619221753,99,87,41.0,4.47
541,exu,BR,-7.5119,-39.7242,1619221754,75,94,77.0,2.3
542,verkhnevilyuysk,RU,63.4453,120.3167,1619221693,99,90,27.91,3.83
543,provideniya,RU,64.3833,-173.3,1619221630,71,54,41.11,4.76
544,camopi,GF,3.1655,-52.3158,1619221662,100,99,73.06,2.48
545,wattegama,LK,6.7989,81.4808,1619221755,5,92,74.23,2.42
546,marsala,IT,37.7966,12.4352,1619221755,75,100,61.0,11.5
547,misratah,LY,32.3754,15.0925,1619221333,50,87,62.06,29.21
548,nyurba,RU,63.2842,118.3319,1619221393,100,91,32.49,7.29
549,egvekinot,RU,66.3167,-179.1667,1619221756,100,87,31.6,2.53
550,kuching,MY,1.55,110.3333,1619221508,20,94,77.0,1.14
551,shingu,JP,33.7333,135.9833,1619221270,75,67,60.8,4.61
552,sangueya,GN,10.7,-14.3667,1619221659,6,76,76.53,2.71
553,pushkar,IN,26.5,74.55,1619221756,1,47,71.15,10.87
554,tiarei,PF,-17.5333,-149.3333,1619221303,75,62,86.0,11.5
555,chernoyerkovskaya,RU,45.4331,37.7686,1619221757,100,82,51.8,8.95
556,lander,US,42.833,-108.7307,1619221757,90,49,50.0,3.44
557,asosa,ET,10.0667,34.5333,1619221758,53,67,66.52,4.79
558,vitina,BA,43.2375,17.4839,1619221626,20,93,50.0,1.14
559,bagdarin,RU,54.4333,113.6,1619221406,99,41,31.3,3.02
560,gogrial,SS,8.5332,28.1004,1619221759,37,49,84.16,4.76
561,barabash,RU,43.2,131.4833,1619221759,100,41,55.4,2.24
